id,title,organization,url,language,season,format,status,local_filename,accessed_on,notes
IFAB-LAW-01-2026-27,Law 1 — The Field of Play,The International Football Association Board,https://www.theifab.com/laws/latest/the-field-of-play/,English,2026/27,HTML,downloaded_and_extracted,data\raw\web\IFAB-LAW-01-2026-27.html,2026-10-03,Current 2026/27 IFAB law page; includes law text and page-specific FAQs/examples where published. Record retrieved edition/date in downloaded snapshot; exact archived page may be season-selectable on site. SHA256=d23f99601c7b99a44230727cbf95fa371741489dc1573c0baae928f3846b9410; extracted=data\extracted\supplementary\IFAB-LAW-01-2026-27.txt
IFAB-LAW-02-2026-27,Law 2 — The Ball,The International Football Association Board,https://www.theifab.com/laws/latest/the-ball/,English,2026/27,HTML,downloaded_and_extracted,data\raw\web\IFAB-LAW-02-2026-27.html,2026-10-03,Current 2026/27 IFAB law page; includes law text and page-specific FAQs/examples where published. Record retrieved edition/date in downloaded snapshot; exact archived page may be season-selectable on site. SHA256=1c1093c79fa6b48e527e9daaba18c539cdea36f1d74cf52c26863a0a8c5e4d1d; extracted=data\extracted\supplementary\IFAB-LAW-02-2026-27.txt
IFAB-LAW-03-2026-27,Law 3 — The Players,The International Football Association Board,https://www.theifab.com/laws/latest/the-players/,English,2026/27,HTML,downloaded_and_extracted,data\raw\web\IFAB-LAW-03-2026-27.html,2026-10-03,Current 2026/27 IFAB law page; includes law text and page-specific FAQs/examples where published. Record retrieved edition/date in downloaded snapshot; exact archived page may be season-selectable on site. SHA256=2900e52b6ccd9e05294c0e0d7d7d57e675d7a8be0da27364c891e9e590e60082; extracted=data\extracted\supplementary\IFAB-LAW-03-2026-27.txt
IFAB-LAW-04-2026-27,Law 4 — The Players’ Equipment,The International Football Association Board,https://www.theifab.com/laws/latest/the-players-equipment/,English,2026/27,HTML,downloaded_and_extracted,data\raw\web\IFAB-LAW-04-2026-27.html,2026-10-03,Current 2026/27 IFAB law page; includes law text and page-specific FAQs/examples where published. Record retrieved edition/date in downloaded snapshot; exact archived page may be season-selectable on site. SHA256=8c152684338ad33145928a6f89d67c7256f74e81fd74260211ba7803b98b7e89; extracted=data\extracted\supplementary\IFAB-LAW-04-2026-27.txt
IFAB-LAW-05-2026-27,Law 5 — The Referee,The International Football Association Board,https://www.theifab.com/laws/latest/the-referee/,English,2026/27,HTML,downloaded_and_extracted,data\raw\web\IFAB-LAW-05-2026-27.html,2026-10-03,Current 2026/27 IFAB law page; includes law text and page-specific FAQs/examples where published. Record retrieved edition/date in downloaded snapshot; exact archived page may be season-selectable on site. SHA256=733530e847a3621d654742aa61207e4b00c55face62ca01d5e1d32107da4e342; extracted=data\extracted\supplementary\IFAB-LAW-05-2026-27.txt
IFAB-LAW-06-2026-27,Law 6 — The Other Match Officials,The International Football Association Board,https://www.theifab.com/laws/latest/the-other-match-officials/,English,2026/27,HTML,downloaded_and_extracted,data\raw\web\IFAB-LAW-06-2026-27.html,2026-10-03,Current 2026/27 IFAB law page; includes law text and page-specific FAQs/examples where published. Record retrieved edition/date in downloaded snapshot; exact archived page may be season-selectable on site. SHA256=9902dc47dbd8ba50c474aaf19ea8ada8eeb387b001a1f65e87366f01c26531fe; extracted=data\extracted\supplementary\IFAB-LAW-06-2026-27.txt
IFAB-LAW-07-2026-27,Law 7 — The Duration of the Match,The International Football Association Board,https://www.theifab.com/laws/latest/the-duration-of-the-match/,English,2026/27,HTML,downloaded_and_extracted,data\raw\web\IFAB-LAW-07-2026-27.html,2026-10-03,Current 2026/27 IFAB law page; includes law text and page-specific FAQs/examples where published. Record retrieved edition/date in downloaded snapshot; exact archived page may be season-selectable on site. SHA256=127edc2970a257b22d23ec79ade3029e08d4e5913280a6e5f140602b07bed4cf; extracted=data\extracted\supplementary\IFAB-LAW-07-2026-27.txt
IFAB-LAW-08-2026-27,Law 8 — Start and Restart of Play,The International Football Association Board,https://www.theifab.com/laws/latest/the-start-and-restart-of-play/,English,2026/27,HTML,downloaded_and_extracted,data\raw\web\IFAB-LAW-08-2026-27.html,2026-10-03,Current 2026/27 IFAB law page; includes law text and page-specific FAQs/examples where published. Record retrieved edition/date in downloaded snapshot; exact archived page may be season-selectable on site. SHA256=422d7ec14c518f845283f384c9446dcf959a68b5e5e8c9cc712395450fe52141; extracted=data\extracted\supplementary\IFAB-LAW-08-2026-27.txt
IFAB-LAW-09-2026-27,Law 9 — The Ball in and out of Play,The International Football Association Board,https://www.theifab.com/laws/latest/the-ball-in-and-out-of-play/,English,2026/27,HTML,downloaded_and_extracted,data\raw\web\IFAB-LAW-09-2026-27.html,2026-10-03,Current 2026/27 IFAB law page; includes law text and page-specific FAQs/examples where published. Record retrieved edition/date in downloaded snapshot; exact archived page may be season-selectable on site. SHA256=159b6e8aba20647e022326f2caa1ab075f93ace9cc1af7fa88ae553e285e866b; extracted=data\extracted\supplementary\IFAB-LAW-09-2026-27.txt
IFAB-LAW-10-2026-27,Law 10 — Determining the Outcome of a Match,The International Football Association Board,https://www.theifab.com/laws/latest/determining-the-outcome-of-a-match/,English,2026/27,HTML,downloaded_and_extracted,data\raw\web\IFAB-LAW-10-2026-27.html,2026-10-03,Current 2026/27 IFAB law page; includes law text and page-specific FAQs/examples where published. Record retrieved edition/date in downloaded snapshot; exact archived page may be season-selectable on site. SHA256=84ad799f61532fe9aed3e64f3d41505ec18a673b326f2b9b2e002bf5de9a6ebf; extracted=data\extracted\supplementary\IFAB-LAW-10-2026-27.txt
IFAB-LAW-11-2026-27,Law 11 — Offside,The International Football Association Board,https://www.theifab.com/laws/latest/offside/,English,2026/27,HTML,downloaded_and_extracted,data\raw\web\IFAB-LAW-11-2026-27.html,2026-10-03,Current 2026/27 IFAB law page; includes law text and page-specific FAQs/examples where published. Record retrieved edition/date in downloaded snapshot; exact archived page may be season-selectable on site. SHA256=c66b2292d31bdc8d5cffc420af150a2186236a1703fd59b5b0e1835b19263e10; extracted=data\extracted\supplementary\IFAB-LAW-11-2026-27.txt
IFAB-LAW-12-2026-27,Law 12 — Fouls and Misconduct,The International Football Association Board,https://www.theifab.com/laws/latest/fouls-and-misconduct/,English,2026/27,HTML,downloaded_and_extracted,data\raw\web\IFAB-LAW-12-2026-27.html,2026-10-03,Current 2026/27 IFAB law page; includes law text and page-specific FAQs/examples where published. Record retrieved edition/date in downloaded snapshot; exact archived page may be season-selectable on site. SHA256=7546db2e2f8c38c3051b469ea70383de67e12311e933a8dc1e88ec93071a48e1; extracted=data\extracted\supplementary\IFAB-LAW-12-2026-27.txt
IFAB-LAW-13-2026-27,Law 13 — Free Kicks,The International Football Association Board,https://www.theifab.com/laws/latest/free-kicks/,English,2026/27,HTML,downloaded_and_extracted,data\raw\web\IFAB-LAW-13-2026-27.html,2026-10-03,Current 2026/27 IFAB law page; includes law text and page-specific FAQs/examples where published. Record retrieved edition/date in downloaded snapshot; exact archived page may be season-selectable on site. SHA256=c2e6eea50820e59a2cd0f7a2190251c63144b76877d47571f88a47ec28690d95; extracted=data\extracted\supplementary\IFAB-LAW-13-2026-27.txt
IFAB-LAW-14-2026-27,Law 14 — The Penalty Kick,The International Football Association Board,https://www.theifab.com/laws/latest/the-penalty-kick/,English,2026/27,HTML,downloaded_and_extracted,data\raw\web\IFAB-LAW-14-2026-27.html,2026-10-03,Current 2026/27 IFAB law page; includes law text and page-specific FAQs/examples where published. Record retrieved edition/date in downloaded snapshot; exact archived page may be season-selectable on site. SHA256=c2446ba25de8c0a5b8ef19c21e3c1ff6b6ec6d9f38524e2471350ecde2810f1d; extracted=data\extracted\supplementary\IFAB-LAW-14-2026-27.txt
IFAB-LAW-15-2026-27,Law 15 — The Throw-in,The International Football Association Board,https://www.theifab.com/laws/latest/the-throw-in/,English,2026/27,HTML,downloaded_and_extracted,data\raw\web\IFAB-LAW-15-2026-27.html,2026-10-03,Current 2026/27 IFAB law page; includes law text and page-specific FAQs/examples where published. Record retrieved edition/date in downloaded snapshot; exact archived page may be season-selectable on site. SHA256=7ea2500c75c664f75749528bf3bc9666c4ed94ed8a4496ccbfb25b44c06cbfce; extracted=data\extracted\supplementary\IFAB-LAW-15-2026-27.txt
IFAB-LAW-16-2026-27,Law 16 — The Goal Kick,The International Football Association Board,https://www.theifab.com/laws/latest/the-goal-kick/,English,2026/27,HTML,downloaded_and_extracted,data\raw\web\IFAB-LAW-16-2026-27.html,2026-10-03,Current 2026/27 IFAB law page; includes law text and page-specific FAQs/examples where published. Record retrieved edition/date in downloaded snapshot; exact archived page may be season-selectable on site. SHA256=cee1c11031ca1bcd4c2d70c360652995531e77b5213087622b2839361c8b1893; extracted=data\extracted\supplementary\IFAB-LAW-16-2026-27.txt
IFAB-LAW-17-2026-27,Law 17 — The Corner Kick,The International Football Association Board,https://www.theifab.com/laws/latest/the-corner-kick/,English,2026/27,HTML,downloaded_and_extracted,data\raw\web\IFAB-LAW-17-2026-27.html,2026-10-03,Current 2026/27 IFAB law page; includes law text and page-specific FAQs/examples where published. Record retrieved edition/date in downloaded snapshot; exact archived page may be season-selectable on site. SHA256=5e61942bddaf1c798a624b02e2ba269591ed6cab9fd82483ec6c93e787da5562; extracted=data\extracted\supplementary\IFAB-LAW-17-2026-27.txt
IFAB-VAR-2026-27,Video Assistant Referee (VAR) protocol,The International Football Association Board,https://www.theifab.com/laws/latest/video-assistant-referee-var-protocol/,English,2026/27,HTML,downloaded_and_extracted,data\raw\web\IFAB-VAR-2026-27.html,2026-10-03,Official IFAB source; fetch and validate before corpus ingestion. SHA256=e5aa89077dccbe1338b3b338627380d900e155a151b6f1d87fad44610b14eff5; extracted=data\extracted\supplementary\IFAB-VAR-2026-27.txt
IFAB-TIME-SUB-2026-27,Time-limited substitution protocol,The International Football Association Board,https://www.theifab.com/laws/latest/time-limited-substitution-protocol/,English,2026/27,HTML,downloaded_and_extracted,data\raw\web\IFAB-TIME-SUB-2026-27.html,2026-10-03,Official IFAB source; fetch and validate before corpus ingestion. SHA256=c3814d9c1495c976aee30a36550c81619d231063085c8c8866a531a8d940639c; extracted=data\extracted\supplementary\IFAB-TIME-SUB-2026-27.txt
IFAB-OFFFIELD-TREATMENT-2026-27,Off-field treatment and assessment protocol,The International Football Association Board,https://www.theifab.com/laws/latest/off-field-treatment-and-assessment-protocol/,English,2026/27,HTML,downloaded_and_extracted,data\raw\web\IFAB-OFFFIELD-TREATMENT-2026-27.html,2026-10-03,Official IFAB source; fetch and validate before corpus ingestion. SHA256=02d551341df4660863d9025df25897d081c35f1b281e12b1fdd08509f85873ca; extracted=data\extracted\supplementary\IFAB-OFFFIELD-TREATMENT-2026-27.txt
IFAB-THROW-GOALKICK-2026-27,Throw-in and goal-kick countdown protocol,The International Football Association Board,https://www.theifab.com/laws/latest/throw-in-and-goal-kick-countdown-protocol/,English,2026/27,HTML,downloaded_and_extracted,data\raw\web\IFAB-THROW-GOALKICK-2026-27.html,2026-10-03,Official IFAB source; fetch and validate before corpus ingestion. SHA256=d1c820bd8644a136adb2f9c6b5f1c69d7d9b946dbe677d0e5d725b0fb36b87cf; extracted=data\extracted\supplementary\IFAB-THROW-GOALKICK-2026-27.txt
IFAB-CAPTAIN-GUIDELINES,Only the captain guidelines,The International Football Association Board,https://www.theifab.com/laws/latest/only-the-captain/,English,current,HTML,downloaded_and_extracted,data\raw\web\IFAB-CAPTAIN-GUIDELINES.html,2026-10-03,Official IFAB source; fetch and validate before corpus ingestion. SHA256=d2a4ec4f1c34aac1ff08195e4de76cdb9a9ee9fe143d6f9ae7282b51e3bfc8a8; extracted=data\extracted\supplementary\IFAB-CAPTAIN-GUIDELINES.txt
IFAB-TEMP-DISMISSALS,Guidelines for Temporary Dismissals,The International Football Association Board,https://www.theifab.com/laws/latest/guidelines-for-temporary-dismissals/,English,current,HTML,downloaded_and_extracted,data\raw\web\IFAB-TEMP-DISMISSALS.html,2026-10-03,Official IFAB source; fetch and validate before corpus ingestion. SHA256=e18de69479ebc32fe45e41d5f4b2d6a6481504e3540146acf5fe31548ac0c5ed; extracted=data\extracted\supplementary\IFAB-TEMP-DISMISSALS.txt
IFAB-RETURN-SUBS,Guidelines for Return Substitutes,The International Football Association Board,https://www.theifab.com/laws/latest/guidelines-for-return-substitutes/,English,current,HTML,downloaded_and_extracted,data\raw\web\IFAB-RETURN-SUBS.html,2026-10-03,Official IFAB source; fetch and validate before corpus ingestion. SHA256=258e675868294f815351382631bb0661a0468c1bd681169fd43aa54d18ab98a0; extracted=data\extracted\supplementary\IFAB-RETURN-SUBS.txt
IFAB-CONCUSSION-SUBS,Additional permanent concussion substitutions protocol,The International Football Association Board,https://www.theifab.com/laws/latest/additional-permanent-concussion-substitutions-protocol/,English,current,HTML,downloaded_and_extracted,data\raw\web\IFAB-CONCUSSION-SUBS.html,2026-10-03,Official IFAB source; fetch and validate before corpus ingestion. SHA256=2aaa0c04940d3a21e24b92b87c58b7a159be6b8ebc4cbcaba4bb8c7be8480685; extracted=data\extracted\supplementary\IFAB-CONCUSSION-SUBS.txt
IFAB-GUIDE-INTRO,Guidelines for Match Officials — Introduction,The International Football Association Board,https://www.theifab.com/laws/latest/guidelines/introduction/,English,current,HTML,downloaded_and_extracted,data\raw\web\IFAB-GUIDE-INTRO.html,2026-10-03,Official IFAB source; fetch and validate before corpus ingestion. SHA256=049d2cd3c00b7f10e5188931ea03f9cc5ddb6f99bae854acd3f52413b46de6d1; extracted=data\extracted\supplementary\IFAB-GUIDE-INTRO.txt
IFAB-GUIDE-POSITIONING,"Guidelines — Positioning, movement and teamwork",The International Football Association Board,https://www.theifab.com/laws/latest/guidelines/positioning-movement-and-teamwork/,English,current,HTML,downloaded_and_extracted,data\raw\web\IFAB-GUIDE-POSITIONING.html,2026-10-03,Official IFAB source; fetch and validate before corpus ingestion. SHA256=4f0b1af408a917daa7550472f13bd76b05cd953d0cd4265ea6066de3504ebdc0; extracted=data\extracted\supplementary\IFAB-GUIDE-POSITIONING.txt
IFAB-GUIDE-COMMS,"Guidelines — Body language, communication and whistle",The International Football Association Board,https://www.theifab.com/laws/latest/guidelines/body-language-communication-and-whistle/,English,current,HTML,downloaded_and_extracted,data\raw\web\IFAB-GUIDE-COMMS.html,2026-10-03,Official IFAB source; fetch and validate before corpus ingestion. SHA256=8d10f14430dc0b56e6008718d8a5d1ff6c06526913fb3ec6e612b0ee4061ca3c; extracted=data\extracted\supplementary\IFAB-GUIDE-COMMS.txt
IFAB-GUIDE-ADVICE,Guidelines — Other advice,The International Football Association Board,https://www.theifab.com/laws/latest/guidelines/other-advice/,English,current,HTML,downloaded_and_extracted,data\raw\web\IFAB-GUIDE-ADVICE.html,2026-10-03,Official IFAB source; fetch and validate before corpus ingestion. SHA256=61ff51e307b763120334ab32c5364feb572a1717997a9b0a29ef988f58b0a22c; extracted=data\extracted\supplementary\IFAB-GUIDE-ADVICE.txt
IFAB-LAW-CHANGES-2026-27-AR,Changes to the Laws of the Game 2026/27 (Arabic),The International Football Association Board,https://www.theifab.com/downloads/changes-to-the-laws-of-the-game-202627-arabic?l=en,Arabic,2026/27,PDF,downloaded_and_extracted,data\raw\supplementary\IFAB-LAW-CHANGES-2026-27-AR.pdf,2026-10-03,Official IFAB source; fetch and validate before corpus ingestion. SHA256=35eb74b4b7576970dc4174c8e47be2cc6f4675b95e29ccb4117889839ecd6aaf; extracted=data\extracted\supplementary\IFAB-LAW-CHANGES-2026-27-AR.jsonl
IFAB-LAW-CHANGES-2026-27-EN,Changes to the Laws of the Game 2026/27,The International Football Association Board,https://www.theifab.com/downloads/changes-to-the-laws-of-the-game-202627?l=en,English,2026/27,PDF,downloaded_and_extracted,data\raw\supplementary\IFAB-LAW-CHANGES-2026-27-EN.pdf,2026-10-03,Official IFAB source; fetch and validate before corpus ingestion. SHA256=6681591924b876e8976eb33642012da56b1d52af69c9d84f29fd222b0a1f3fa4; extracted=data\extracted\supplementary\IFAB-LAW-CHANGES-2026-27-EN.jsonl
IFAB-CIRCULAR-32-2026,Circular 32 (2026),The International Football Association Board,https://www.theifab.com/downloads/circular-32?l=en,English,2026/27,PDF,downloaded_and_extracted,data\raw\supplementary\IFAB-CIRCULAR-32-2026.pdf,2026-10-03,Official IFAB source; fetch and validate before corpus ingestion. SHA256=debb841ec9dc9188e2c92ea3110ecba8c52240abbf940bd5f92d2f1bb68c69db; extracted=data\extracted\supplementary\IFAB-CIRCULAR-32-2026.jsonl
IFAB-LOTG-2026-27-AR,Laws of the Game 2026/27 (Arabic),The International Football Association Board,https://www.theifab.com/laws-of-the-game-documents/?language=all&year=2026%2F27,Arabic,2026/27,PDF,downloaded_and_text_extractable,data/raw/ifab_laws_2026_27_ar.pdf,2026-10-03,User supplied; 236 pages. Raw PDF extraction exists. Treat as core; conduct RTL and page QA before ingestion.
